video_id,clip_id,text,label,label_t,label_v,label_a,error
video_0051,43,但是我在想其实我演的很好，我想告诉他们我演的很好,0.8,0.8,1.0,-1.0,1.8
video_0051,44,所以我要让更多的人知道我,0.8,0.8,0.6,-1.0,1.8
video_0055,26,你在搞笑吗,-1.0,-0.2,-0.4,0.6,1.6
video_0052,14,所有的队员都竭尽全力了,0.8,0.6,0.6,-0.8,1.6
video_0032,5,就是这么想的，要活一起活，要死大家一起。,1.0,-0.8,1.0,-0.6,1.6
video_0025,10,我们在这里一个打十个。,-1.0,0.6,-1.0,0.6,1.6
video_0051,45,我可以演得很好，你们可以信任我,0.8,1.0,0.6,-0.8,1.6
video_0058,9,活该，大半夜的没事在那爬来爬去的，不困才怪呢,-0.8,-1.0,0.6,0.6,1.4
video_0002,6,咱们球队上上下下都是非常信任你，认为你就是能力不行。,-0.8,-0.6,-0.2,0.6,1.4
video_0024,3,老师再给你讲最后一次啊！,1.0,-0.2,1.0,-0.4,1.4
video_0001,31,不是都快破产了吗,0.6,-0.8,1.0,-0.8,1.4
video_0046,62,可能跟大家接触之后至少有那么一段时间你偶尔会露出一些笑容吧,0.4,0.4,-0.4,-0.8,1.2000000000000002
video_0040,54,晓骏，吃完饭，咱们去攻陷美国,0.8,0.6,-0.2,-0.4,1.2000000000000002
video_0014,23,我等你。,1.0,0.4,1.0,-0.2,1.2
video_0054,30,还挺难的，我说怎么感觉,-0.2,-1.0,1.0,1.0,1.2
video_0010,9,"妈妈，其实我，我,我想你了。",0.2,0.4,0.6,-1.0,1.2
video_0057,15,放心吧王阿姨，我很有耐心的,1.0,0.6,1.0,-0.2,1.2
video_0054,24,麻木之后就是要怎么着都行，夹缝中求生存了后来,-0.6,-0.4,0.0,0.6,1.2
video_0008,8,照顾我生意啊,1.0,0.0,1.0,-0.2,1.2
video_0053,9,你站我旁边干嘛呢，你进去呀,-1.0,-0.4,1.0,0.2,1.2
video_0053,59,嫁给你我还不如不活呢,-1.0,-1.0,-0.4,0.2,1.2
video_0024,44,学校处罚学生不用经过班主任同意，呵呵,1.0,-0.8,1.0,-0.2,1.2
video_0054,31,我久经沙场的到了这感觉特别像囚徒被困在这衣服里,-0.2,-0.8,1.0,1.0,1.2
video_0054,23,丧完之后慢慢你就麻木了,-0.6,-0.8,0.0,0.6,1.2
video_0024,47,好，就按你说的，班级前十名。,1.0,0.4,1.0,0.0,1.0
video_0054,65,现在是一个合格的群演,1.0,0.6,1.0,0.0,1.0
video_0054,66,毋庸置疑，绝对是谢彬彬,1.0,0.4,1.0,0.0,1.0
video_0046,52,我们俩是不可能差别更大的了,0.2,0.0,-0.4,-0.8,1.0
video_0054,22,就开始垮下来，就丧下来了,-0.6,-0.8,-0.4,0.4,1.0
video_0054,82,因为我是签了三个戏然后三个戏黄了,-0.8,-1.0,-0.2,0.2,1.0
video_0055,29,一切都会慢慢变好的,0.6,1.0,-0.6,-0.4,1.0
video_0055,11,这也太意想不到了吧,-0.8,0.8,-1.0,0.2,1.0
video_0055,4,你还没告诉我你怎么知道我藏着手机呢,-0.4,0.0,0.2,0.6,1.0
video_0038,45,不不不，没吃,0.4,0.0,0.2,-0.6,1.0
video_0047,5,结果分手的时候，她把那张唱片掰成两半，所以我印象很深刻,-1.0,-0.2,0.6,0.0,1.0
video_0052,4,我没日没夜的盼着这场比赛,1.0,0.4,1.0,0.0,1.0
video_0014,29,从今天起，你妈就是我妈,-1.0,0.6,-1.0,0.0,1.0
video_0040,10,家里已经负担不起了,-1.0,-0.6,-0.6,0.0,1.0
video_0054,58,然后呢对光其实很不习惯，就会很没有安全感,-1.0,0.0,-0.4,0.0,1.0
video_0010,12,哎，我跟你说那就是陈奇怪太弱了。,-0.8,-0.6,-0.6,0.2,1.0
video_0053,19,其实你身边已经有一条船了,-0.2,0.0,1.0,0.8,1.0
video_0054,41,拜托，多给一点点休息时间，我想多睡两个小时,0.0,-0.8,1.0,1.0,1.0
video_0001,18,哦，对对对，她身份很特别，不想让我张扬出去。,1.0,0.6,1.0,0.0,1.0
video_0045,63,黄小山，小山哥就是那个认真说话的人,0.4,0.2,-0.6,-0.6,1.0
video_0051,39,其实我真的挺感动的,0.8,1.0,0.0,-0.2,1.0
video_0054,135,而且每一次下去，都要给自己鼓特别大的勇气,-0.4,-0.2,0.4,0.6,1.0
video_0045,70,我今天输的一点都没有遗憾，我来这个舞台我已经达到我的目的了,0.2,0.8,0.6,-0.8,1.0
video_0059,6,你看你那皱纹确实有点多,-0.2,-0.8,1.0,0.8,1.0
video_0002,35,我给你两分钟，你给我好好介绍一下，你怎么得的精神病,-0.8,-0.6,-0.2,0.2,1.0
video_0054,97,然后我就觉得有点小小的自信,1.0,1.0,0.4,0.0,1.0
video_0043,58,我只能说我这次是侥幸,1.0,0.4,1.0,0.0,1.0
video_0016,32,也是茴香的味道，能让我在将来厌倦你的时候多去回想你的好。,-1.0,0.6,-1.0,0.0,1.0
video_0047,78,没想到你还挺长情的,-0.8,0.6,0.8,0.2,1.0
video_0010,1,我爸你还不知道，他就那样，对不对,-0.8,-0.6,-1.0,0.2,1.0
video_0010,2,他比较自私，你知道吧，我妈，我妈不是以为你走了吗？,-0.8,-0.8,-1.0,0.2,1.0
video_0016,8,行吧，喝点酒有时有晌的，赶紧,0.0,-0.8,0.0,-1.0,1.0
video_0054,46,无论是精神还是身体都被掏空了,-0.8,-1.0,0.0,0.2,1.0
video_0043,14,但现在就见一个选一个，这是好方法吗,-0.8,-0.2,1.0,0.2,1.0
video_0046,38,父母的爱就是我成长中最好的养料,0.2,0.8,0.2,-0.8,1.0
video_0015,19,你真好看。,1.0,1.0,0.4,0.0,1.0
video_0054,111,拍摄有闲暇之余的时候我会亲手为她做顿饭,0.2,0.0,1.0,-0.6,0.8
video_0022,20,大家都忙着捡瓶子卖钱，只要你成天就是画画,0.2,-0.6,1.0,-0.6,0.8
video_0035,31,大唐陨落不是她的错,0.0,0.4,0.8,-0.8,0.8
video_0036,12,打不过人家，就不要再说打了嘛,-0.6,0.2,-0.8,0.2,0.8
video_0035,21,不是给过你一个了吗,0.4,-0.4,0.6,-0.4,0.8
video_0037,16,我会毫不犹豫,0.0,0.0,-0.2,-0.8,0.8
video_0053,7,我整个人裂开了,-0.2,-0.8,0.8,0.6,0.8
video_0035,17,那猫真的会来吗,0.0,0.0,0.0,-0.8,0.8
video_0054,86,你经常等的时候你就什么感觉都没了,-0.8,-0.8,0.0,0.0,0.8
video_0054,25,建议大家谨慎选择这条道理，因为这条路不是那么好走的,-0.8,-0.6,0.0,0.0,0.8
video_0054,26,啦哥今天背着那个背篓，跪了四十多条,0.0,-0.2,0.6,0.8,0.8
video_0027,2,爹，爷爷又来骂你了。,0.6,-0.8,1.0,-0.2,0.8
video_0054,18,希望在之后能够保住这个男一吧,0.8,0.0,1.0,0.0,0.8
video_0054,10,得练，台词要练练，他可能阅读障碍症,-0.2,-0.8,0.0,0.6,0.8
video_0030,18,那可不是，这首曲子是唢呐匠的看家本事,0.0,0.8,0.2,0.8,0.8
video_0054,39,选择这个职业，就意味着你没有那么多的选择了,-0.4,0.0,-0.2,0.4,0.8
video_0025,22,那么久，他就接着睡了一觉吗,0.2,0.0,-0.4,-0.6,0.8
video_0024,115,把自己的桥修好，在我看来，是世界上最大的事。,-0.6,0.8,-0.8,0.2,0.8
video_0054,42,四个小时就可以了，我要求真的不高，四个小时就可以了,0.0,-0.6,1.0,0.8,0.8
video_0054,44,女演员为什么都喜欢这种光呢,0.0,-0.2,0.8,0.8,0.8
video_0053,33,蛮遗憾的，这个项目在我眼里是全军覆没的,-0.8,-1.0,0.0,0.0,0.8
video_0053,26,是因为我不管你说的再真实他都没有扣题，最高任务都是失败的,-0.8,-1.0,0.0,0.0,0.8
video_0020,5,而且天文组好像没有我们班同学。,0.6,-0.4,0.6,-0.2,0.8
video_0054,81,去年是等于本命年相对还不太顺利,-0.8,-1.0,-0.2,0.0,0.8
video_0051,8,没有准备好就不要去碰它,-0.8,-0.6,0.2,0.0,0.8
video_0045,48,房子车子票子，不是唯一的成功标准,-0.8,-0.6,-1.0,0.0,0.8
video_0046,46,能够让别人明白命运可以掌握在自己手里面，那我就觉得已经很开心很满足了,0.8,1.0,0.8,0.0,0.8
video_0044,10,为什么不演这个呢,-0.8,-0.4,-0.8,0.0,0.8
video_0002,19,你那点财务还需要助理,0.2,-0.8,1.0,-0.6,0.8
video_0055,5,我就是随口一说，谁知道真的就在啊,0.8,-0.4,0.6,0.0,0.8
video_0046,57,然后回来就要跟我离婚，我突然发现我嫁了个人渣,-0.8,-1.0,-0.2,0.0,0.8
video_0056,9,上次你下跪是向我求婚,-0.4,-0.4,1.0,0.4,0.8
video_0012,25,你没有想到，本侯爷也有今天吧,-0.6,0.0,-0.8,0.2,0.8
video_0060,2,学校没一个正经的,0.2,-1.0,0.2,-0.6,0.8
video_0042,3,但是我已经让我姥去办了，想相信很快就会有人来了,-0.2,0.4,0.2,0.6,0.8
video_0058,11,说说吧，这书包里装的都是什么啊,0.0,-0.2,1.0,0.8,0.8
video_0056,53,忘了吗，我们是一个组合,0.8,0.0,0.8,0.0,0.8
video_0011,16,梅妃含情所著的楼东赋没有能使她再度得幸于唐玄宗，倒是华妃娘娘感动了皇上。,0.8,0.2,1.0,0.0,0.8
video_0042,8,情感神经丰富了,-0.2,0.2,0.4,0.6,0.8
video_0010,14,我希望你们都提起精神来给我好好考。,0.4,0.6,-0.8,-0.4,0.8
video_0046,16,说不定今天电视看完有几个人会开始反思自己，那我的目的就达到了,0.8,0.6,0.6,0.0,0.8
video_0045,84,我明白我是像所有人一样是爱这个国家的，只是我很多时候会没有去表达,0.8,0.4,0.2,0.0,0.8
video_0009,38,赵士玄是你娘家人，让他协理也是理所应当的,0.8,0.4,1.0,0.0,0.8
video_0009,33,儿臣理应为朝政、为父皇分忧。,0.8,0.0,1.0,0.0,0.8
video_0058,5,借你漫画书和CD绝对不是问题,-0.2,0.4,-0.2,0.6,0.8
video_0002,7,好聚好散，有时间回来看一看。,-0.2,-0.2,-0.2,0.6,0.8
video_0014,2,还差个300多，你们家那房写的谁的名？,-0.6,0.0,-0.2,0.2,0.8
video_0014,13,你同伴告诉我的。,0.8,0.0,1.0,0.0,0.8
video_0054,152,若是你没有做错事，我自然不会冤枉你,-0.8,0.0,-0.4,0.0,0.8
video_0045,58,不仅仅是我，我相信很多艺人如果能学习小志导师，它们会成为更大的艺人的,0.8,1.0,0.6,0.0,0.8
video_0054,134,确实是，很不舒服,-0.6,-0.8,0.6,0.2,0.8
video_0054,136,我都感觉我的大腿肌肉在抖,-0.2,-0.6,0.8,0.6,0.8
video_0038,17,你是我这世界上最亲最亲的人了,0.6,1.0,-0.4,-0.2,0.8
video_0016,47,再后来呢，你就成了大明星了，我也就不敢再喜欢你了。,-0.6,0.0,0.4,0.2,0.8
video_0016,40,张扬，谢谢你,-0.6,1.0,-1.0,0.2,0.8
video_0016,28,怎么，吃不惯啊,0.0,-0.8,1.0,-0.8,0.8
video_0045,91,我发现他们见到我一开始对我形象的抵触，他已经对我讲的内容没有兴趣了,-0.8,-0.8,-0.2,0.0,0.8
video_0015,25,可以去澳洲啊，那边阳光好，海鲜也很棒啊！,-0.2,1.0,-1.0,0.6,0.8
video_0047,26,没有,-0.8,0.0,-1.0,0.0,0.8
video_0040,4,你们怕什么呀,0.0,-0.4,-0.6,-0.8,0.8
video_0014,27,最少能卖150万美金，如果抗到最后，价格没准还能更高,0.0,0.2,-0.8,-0.8,0.8
video_0047,1,你好你好,0.8,0.4,0.6,0.0,0.8
video_0001,30,大渣集团的小职员？,0.2,-0.4,1.0,-0.6,0.8
video_0045,68,但是通过他改装很厉害的赛车不见得能跑完终点,-0.2,-0.2,1.0,0.4,0.6000000000000001
video_0045,73,这是一个表达观点，指引人向前的舞台,0.4,0.8,0.0,-0.2,0.6000000000000001
video_0045,67,对于像你这个年龄的阶段而言很难做到，所以我要恭喜你,0.4,1.0,-0.2,-0.2,0.6000000000000001
video_0028,19,我上一次见到你我就觉得你很眼熟。,-0.2,0.2,1.0,0.4,0.6000000000000001
video_0048,30,没咱什么事，咱们就撤了吧,-0.2,-0.8,0.4,0.4,0.6000000000000001
video_0031,8,但是我现在明白，他是在磨练我,0.4,0.0,0.4,-0.2,0.6000000000000001
video_0043,44,确实是你的形象是让人非常过目不忘的,0.4,0.4,0.2,-0.2,0.6000000000000001
video_0046,33,甚至也答应你可以将你小朋友的照片发到我微博里动员我的粉丝去帮助到他去寻找到他,0.4,0.4,0.0,-0.2,0.6000000000000001
video_0042,7,谢谢队长,-0.4,0.8,-1.0,0.2,0.6000000000000001
video_0038,16,很多地方是去不得的,-0.2,-0.8,0.0,0.4,0.6000000000000001
video_0052,25,明知道这个舞台也许不会让我会怎样,-0.2,-0.2,0.8,0.4,0.6000000000000001
video_0034,15,这气势咣一下就砸过来，我提着裤子就跑。,-0.4,-0.2,-1.0,0.2,0.6000000000000001
video_0052,16,您别这样，您当时就说过我没那个天分,-0.2,-0.6,1.0,0.4,0.6000000000000001
video_0040,52,所以我想只有我们站在纽交所挥锤的那一刻,-0.4,0.0,-0.6,0.2,0.6000000000000001
video_0040,50,我希望告诉他们我不是一个失败者,0.2,0.8,0.0,-0.4,0.6000000000000001
video_0038,38,我这个人很记仇的,-0.4,-0.8,0.2,0.2,0.6000000000000001
video_0051,20,如果能在往后走会更开心,-0.4,0.6,-0.2,0.2,0.6000000000000001
video_0047,49,我不觉得两件事是一个巧合，所以我一定不会终止起诉,-0.2,0.0,-0.4,0.4,0.6000000000000001
video_0045,12,你三个选手我都还喜欢，你还欠我凤梨酥呢,-0.4,0.8,-0.8,0.2,0.6000000000000001
video_0009,2,妹妹不敢有任何非分之想。,-0.4,0.2,0.0,0.2,0.6000000000000001
video_0025,34,确定是为了正义。,-0.4,0.6,-0.6,0.2,0.6000000000000001
video_0012,34,总是希望武儿能够胜过他哥哥,0.2,0.4,0.8,-0.4,0.6000000000000001
video_0057,5,那您是赵先生的室友吧,-0.2,0.0,0.8,0.4,0.6000000000000001
video_0014,17,我以我的生命起誓，这次绝对不是在骗你,0.4,0.6,-0.2,-0.2,0.6000000000000001
video_0054,75,而且我觉得老师的要求越来越严格，压力还挺大的,-0.4,-1.0,0.2,0.2,0.6000000000000001
video_0024,65,然后那个我成绩不好，您没看上我,-0.2,-0.4,1.0,0.4,0.6000000000000001
video_0056,17,小迪，等爸爸从泰国回来一定会带你去海洋馆的,0.4,0.6,-0.6,-0.2,0.6000000000000001
video_0008,11,花多少钱我都可以的啦。,-0.2,0.6,0.2,0.4,0.6000000000000001
video_0021,5,那也让我见识下你的本事。,-0.2,0.6,-0.2,0.4,0.6000000000000001
video_0023,58,回到正规上来，这才是重要的。,-0.2,0.4,-0.4,0.4,0.6000000000000001
video_0054,172,以后出门在外不要与人起争端,-0.2,-0.2,0.2,0.4,0.6000000000000001
video_0001,24,这样吧，你自己说说，咱们集团什么职位比较轻松啊！,-0.4,0.4,-0.2,0.2,0.6000000000000001
video_0025,46,如果我能把他引出来，500万你能分我多少啊？,-0.4,0.0,-0.8,0.2,0.6000000000000001
video_0054,38,我当时有点乱，我不知道我该听谁的,-0.2,-0.2,-0.2,0.4,0.6000000000000001
video_0045,52,因为太多人赋予你你的伞是应该干什么干什么，就还是应该坚持心中的那个,-0.2,0.4,-0.6,0.4,0.6000000000000001
video_0054,178,敏慧甘愿接受所有惩罚,-0.6,-0.4,-0.4,0.0,0.6
video_0041,16,你们也被这边感染了吗,0.6,-0.2,0.6,0.0,0.6
video_0054,144,看来张御厨不满意我的结论，总想要揪个人出来呀,-0.6,0.0,0.8,0.0,0.6
video_0054,187,静娴格格，主子和奴才尊卑有别,-0.6,-0.4,0.0,0.0,0.6
video_0016,25,差钱的话，你告诉我个数，我回去凑还不行吗？,0.0,-0.8,-0.4,-0.6,0.6
video_0054,183,况且，能够帮助别人一把，何乐而不为呢,0.6,1.0,0.0,0.0,0.6
video_0040,23,我真的是孙子,-0.6,-1.0,-0.6,0.0,0.6
video_0047,20,我什么都没说,-0.6,0.0,-1.0,0.0,0.6
video_0039,3,我呢希望你以后可以跟爸爸一样，一直飞驰下去，咱们俩这叫飞驰组合,0.6,0.8,-0.4,0.0,0.6
video_0040,17,但恳请各位领导从轻处分,-0.6,-0.6,0.0,0.0,0.6
video_0015,1,据我推测应该是送她的同伙杀人越货。,0.0,-0.6,-0.2,-0.6,0.6
video_0015,8,都是道上的，给点面子啦,-0.6,0.8,-1.0,0.0,0.6
video_0054,19,我会竭尽所能去把它呈现好,0.6,0.8,0.0,0.0,0.6
video_0038,46,我去换衣服，我们出去吃,0.6,0.0,0.4,0.0,0.6
video_0039,7,主要就想再过一下咱们的合同之后呢再看看我那台赛车,0.6,0.0,1.0,0.0,0.6
video_0027,16,嗯，孩子打架别把大人扯进去，我跟家珍都不知道。,0.0,-0.4,0.4,-0.6,0.6
video_0057,6,诶，那不行，都预约好了，要不我跟她确认一下,0.0,0.0,1.0,0.6,0.6
video_0046,45,我总是特别容易被有梦想的人打动,0.6,0.8,0.4,0.0,0.6
video_0045,99,但是只要我坚持自己的道路获得的成功比那样的成功要大得多，快乐也大得多,0.6,0.8,-0.2,0.0,0.6
video_0001,26,你觉得他该怎么办啊,-0.6,-0.6,-0.6,0.0,0.6
video_0060,32,是因为你不但差点弄坏了我的东西，而且还挡住了我抢救它,-0.6,-1.0,-0.2,0.0,0.6
video_0045,28,我犯了一个巨大的跟头和错误，在很漫长的时间里面,-0.6,-1.0,-0.2,0.0,0.6
video_0002,3,你说的那些都是我的业余爱好,0.0,0.4,-0.6,0.6,0.6
video_0045,25,我爱国，但是我不太会在大场合讲爱国,0.0,0.6,0.0,0.6,0.6
video_0002,5,你们就一个球都别想进,0.0,-0.8,-0.8,-0.6,0.6
video_0045,80,我只能在我的台上我的表演让大家看，这小子找到感觉了,0.0,0.8,-0.2,0.6,0.6
video_0008,4,今天我想当面跟你说。,0.6,-0.4,0.8,0.0,0.6
video_0045,105,这才是对的,0.6,1.0,0.0,0.0,0.6
video_0042,15,是这样队长，上次一战我总结了一个经验,0.0,0.0,0.4,0.6,0.6
video_0046,4,为了给每位导师提供一点小小的难度，这一季使用了一些机关大家看到,0.0,0.0,-0.2,0.6,0.6
video_0010,8,我一定不辜负你的期望，好好学习，好好努力，要考一个好的大学。,0.6,1.0,0.4,0.0,0.6
video_0043,43,各位老师好，我是张楠，近年22岁,0.6,0.0,0.2,0.0,0.6
video_0046,6,用自己的表格记录一下这些时间是怎么花的,0.0,0.0,0.0,-0.6,0.6
video_0057,11,你就不走了，那就给钱吧,-0.6,-0.4,-0.8,0.0,0.6
video_0046,32,我也相信奇迹，也相信那天绝对能到来的,0.6,1.0,0.2,0.0,0.6
video_0038,29,虐待那孩子的不是那保姆,-0.6,-0.2,-1.0,0.0,0.6
video_0046,44,通常要穿多久啊这身衣服,0.0,0.0,0.4,0.6,0.6
video_0047,81,你怎么回来北京吗，你不是说北京很冷的吗,0.6,-0.4,0.6,0.0,0.6
video_0054,34,我很感动，以后我也会一直跟别人搭戏,0.6,1.0,0.0,0.0,0.6
video_0054,139,只有演员自己心里知道没有那么容易的,-0.6,-0.6,0.0,0.0,0.6
video_0051,48,就是为了让更有能力的演员可以凸显出来,0.6,0.8,-0.2,0.0,0.6
video_0054,78,把自己马上调成工作兴奋模式,0.6,0.2,0.4,0.0,0.6
video_0032,9,你枪不错呀，哪儿弄的？给我指个道呗。,0.0,0.4,-0.8,0.6,0.6
video_0054,69,搞得我比主演还主演怎么回事呢,0.0,-0.4,0.4,0.6,0.6
video_0053,2,我喜欢你的性格,0.6,1.0,0.0,0.0,0.6
video_0024,91,就像那次考试前我做的一切一样，我尽力了,-0.6,0.4,-0.8,0.0,0.6
video_0035,3,你刚才怎么不说话,0.0,-0.6,0.4,-0.6,0.6
video_0035,5,你的意思是说，皇帝的死跟一只猫有关,-0.6,-0.6,-0.4,0.0,0.6
video_0053,16,秀兰她是个温婉的，楚楚可怜的,0.0,0.6,0.0,0.6,0.6
video_0053,20,这常常让我忘记我只不过是个肉眼凡胎,-0.6,-0.4,1.0,0.0,0.6
video_0051,50,我认为徐导很多的点评非常精辟和准确,0.6,1.0,0.0,0.0,0.6
video_0051,49,就是有能力本身其实也是一种技术,0.6,0.6,0.2,0.0,0.6
video_0024,107,孩儿想申请科研经费，率先打造宇宙飞船。,0.0,0.4,0.6,0.6,0.6
video_0023,49,其实也没什么的，生活还能继续嘛,0.6,0.6,0.2,0.0,0.6
video_0024,109,您说的我完全理解。,0.0,0.6,0.0,0.6,0.6
video_0053,43,无论你多恨这个人你们以前有多么深的误会，你只要还爱着这个人，你的眼睛是藏不住的,0.6,0.0,0.0,0.0,0.6
video_0026,18,你怀疑我卖假药啊，开玩笑吧，警官,-0.6,-0.4,-0.4,0.0,0.6
video_0029,21,你好你好，你见过这个小孩吗？带个红色帽子，穿一个深蓝色马甲，这么高，他是我儿子，叫姜淼。,0.0,0.0,-0.4,-0.6,0.6
video_0054,13,自己有能力可以驾驭更好的角色更好的剧本,0.6,0.4,0.0,0.0,0.6
video_0054,126,大部分演员身上都会有腰伤腿伤各种伤,-0.6,-0.6,0.0,0.0,0.6
video_0020,8,我们走吧，你让我妹妹坐前面吧，她个子比较小。,0.6,0.0,0.8,0.0,0.6
video_0051,14,当你没有经验的时候，你有一个好的导演你就有了一把尺子,0.6,0.0,0.6,0.0,0.6
video_0021,1,杨瑞，我们还剩十分钟就要撤离,0.0,0.0,-0.6,-0.6,0.6
video_0054,120,他是五花大绑，把你全部都绑起来,0.0,0.0,0.4,0.6,0.6
video_0023,18,哎，那个你开门带我去躺18年看看呗！,0.0,0.4,0.0,0.6,0.6
video_0034,13,在这鬼地方，太阳就是从南边升起的，对吧，我记得，行。,-0.6,0.0,-1.0,0.0,0.6
video_0054,51,他不是在这一节奏里，都是要再次重拍的,-0.4,0.0,-0.4,0.0,0.4
video_0045,98,很简单，在工作上，老一辈的经验你还没有学完,-0.2,-0.2,-0.6,0.2,0.4
video_0058,8,今天好像是我救了您吧,0.2,-0.2,-0.8,-0.2,0.4
video_0053,34,我说我来吧，没想到他们这让我来了,0.0,-0.2,0.0,-0.4,0.4
video_0045,89,只要我讲的内容对你有帮助就行了,0.2,0.6,0.2,-0.2,0.4
video_0053,49,还没入伏，这宫里热的就跟蒸笼一样，本宫的身子实在是燥得很,0.4,-0.6,0.8,0.0,0.4
video_0058,7,他能出什么毛病啊，这么大孩子都这样,-0.2,-0.2,1.0,0.2,0.4
video_0053,5,不行，我跟我妈对视五秒以上我眼泪马上就不行了,-0.2,-0.8,0.6,0.2,0.4
video_0053,23,然后我给辣目洋子最高任务是你不能让我们笑，你要全程让我们投入在相信你是那个人物的感觉中,0.0,0.0,0.0,0.4,0.4
video_0046,13,你所有走过的弯路，艾力，我全部都走过,0.0,0.2,0.0,0.4,0.4
video_0045,83,但是那一瞬间我被击中了,0.4,0.8,0.2,0.0,0.4
video_0046,10,但是你差那么一点点就会走入歧途,0.0,-0.8,1.0,-0.4,0.4
video_0056,54,你不懂，现在是仙人掌，种到寺庙里他就是一棵健康树,-0.2,0.2,-0.2,0.2,0.4
video_0052,23,她不是为了一定要夺冠,-0.2,0.0,-0.4,0.2,0.4
video_0046,63,我觉得这个是不容易的，能够从一个吉祥物中去悟出一些道理,0.4,0.0,0.6,0.0,0.4
video_0054,128,我当时心肝颤一下,-0.2,-1.0,1.0,0.2,0.4
video_0051,1,给他们一点具体而微的帮助，那我就不虚此行,0.4,0.2,0.0,0.0,0.4
video_0054,155,天下没有不透风的墙，我已经打探到你偷偷捉老鼠的事情,-0.4,-0.4,-0.2,0.0,0.4
video_0054,162,你还真的好好学学你姐姐,-0.4,0.2,-0.8,0.0,0.4
video_0054,123,有点担心我们三个人自己的安全,0.0,-0.2,1.0,0.4,0.4
video_0054,100,然后我就说，妈你想不想上台讲个话,0.0,0.0,0.0,0.4,0.4
video_0054,93,我就也不敢去休息室那边，我就一直在现场呆着,-0.4,-0.2,0.0,0.0,0.4
video_0047,15,我们之间需要绝对的信任,0.2,0.2,0.0,-0.2,0.4
video_0054,177,是我炸熟鱼片时无意烧毁了后厨,-0.4,-0.2,-0.6,0.0,0.4
video_0047,2,我听说您是一个很特别的检控官，所以想来拜访您一下,0.4,0.8,0.4,0.0,0.4
video_0054,92,不可能不知道我们在房间睡觉吧，他们就声音很大,-0.4,-0.6,-0.2,0.0,0.4
video_0052,17,结果有那么重要吗,-0.4,-0.4,0.6,0.0,0.4
video_0054,188,卑职不敢耽误,-0.4,-0.6,0.0,0.0,0.4
video_0051,53,你能够调动你的情感本身就是最大的技巧,0.4,0.4,0.2,0.0,0.4
video_0056,2,我跟春都风投公司已经全部都谈好了，星期三就可以签约,-0.2,0.8,0.0,0.2,0.4
video_0051,65,当然是一个很大的挑战，因为导师也是人,0.0,0.0,0.2,-0.4,0.4
video_0056,34,一群大老爷们有什么好看的,-0.4,-0.4,-0.2,0.0,0.4
video_0056,39,行了行了，你卖多少钱一张,-0.4,-0.2,-0.4,0.0,0.4
video_0054,129,一脸心高气傲不可一世的样子,0.0,-0.8,0.4,0.4,0.4
video_0054,87,其实第一集才只拍摄了百分之五十吧,-0.4,0.0,0.0,0.0,0.4
video_0054,85,我拍完那场戏之后我就一直在等,-0.4,0.0,0.0,0.0,0.4
video_0056,62,你到底是什么星座的，人格太分裂了,0.0,-0.6,-0.8,-0.4,0.4
video_0047,36,你今天找我来是叙旧吵架还是交易啊,0.0,-0.4,0.4,0.4,0.4
video_0001,9,说到演讲啊，我不禁想起了我在我的母校。,0.4,0.4,0.4,0.0,0.4
video_0013,34,你乖乖把这些吃了，你想知道什么我都会告诉你。,0.0,0.6,0.2,0.4,0.4
video_0023,23,我搬走了，房东也会找一个人住进来，万一是变态呢，我不变态。,-0.4,0.2,-1.0,0.0,0.4
video_0023,2,越难啃的骨头骨头你更要有耐心啊，你得好好啃我我。,-0.2,0.2,-1.0,0.2,0.4
video_0032,14,洪先生，我是你的粉丝，特别喜欢你的戏，但是我在网上搜过你，你已经结婚了,0.0,0.8,0.0,-0.4,0.4
video_0023,1,就你这脸型得多笑，不然就更长了,0.2,-0.6,0.6,-0.2,0.4
video_0021,2,全体注意，为保证人质安全，各位置必须同步攻击，等我命令,0.0,0.0,-0.4,-0.4,0.4
video_0034,17,明天你休息一下吧,0.2,0.4,0.2,-0.2,0.4
video_0020,3,所以呢，如果选了物理小组也会想回去改的。,-0.4,-0.2,-0.2,0.0,0.4
video_0020,1,红色的也好看呀，但是要是买了红的，我肯定也会后悔，对吧？,-0.4,-0.2,0.0,0.0,0.4
video_0019,16,是我们自愿的，他把他的心交给他的梦，我把我的心交给他。,0.4,0.8,0.6,0.0,0.4
video_0018,10,今天是中国新年的第一天。,0.0,0.2,0.0,0.4,0.4
video_0035,9,我不干了，辞官了,-0.2,-0.8,0.0,0.2,0.4
video_0035,16,那只猫说了一句，欠债总是要还的,-0.4,-0.2,-0.6,0.0,0.4
video_0035,30,你也爱上了她，你也为它疯狂,0.0,0.4,0.8,0.4,0.4
video_0016,30,曾经做过一个梦，梦见咱俩结婚了,0.0,1.0,0.0,0.4,0.4
video_0015,36,这只是个巧合，证据呢,-0.4,-0.4,-0.8,0.0,0.4
video_0037,1,我看晚霞时不干任何事,-0.2,-0.2,-0.4,0.2,0.4
video_0014,22,那个人要是真的愿意出来，也是选择跟我盲比，毕竟还有赢的机会。,0.0,0.0,0.4,-0.4,0.4
video_0014,21,跟我比吧，你要是赢了，我给你两颗星，要是输了，你只需要给我一颗,0.0,0.0,-0.2,0.4,0.4
video_0013,21,我很好奇，你到底喜不喜欢建筑,-0.4,0.0,-1.0,0.0,0.4
video_0013,16,好大的一碗心灵鸡汤。,-0.2,0.2,-1.0,0.2,0.4
video_0038,36,没有回母校看看吗,0.0,0.0,1.0,-0.4,0.4
video_0013,5,行，你说什么就是什么，你说什么规矩就是什么规矩,0.2,0.4,0.4,-0.2,0.4
video_0038,43,我这就去打扫,0.0,0.0,0.8,0.4,0.4
video_0012,31,转眼间，我已经变成太后娘娘了,0.4,0.0,0.8,0.0,0.4
video_0031,33,惟有解决引起战争的祸首，才能停止这场战争。,0.0,0.2,0.0,-0.4,0.4
video_0031,28,我，大维皇第七皇子，拓跋宏,0.0,0.2,0.0,0.4,0.4
video_0040,28,从今往后我爱也不办什么大型讲座了，我就办一对一签证模拟面试,-0.2,0.0,-0.8,0.2,0.4
video_0031,27,我们的队伍里，有汉人，士人,0.0,0.0,0.0,0.4,0.4
video_0024,104,隔热瓦损坏的前提下，我们唯一的办法就是采取升力式返回,0.0,0.0,0.0,-0.4,0.4
video_0024,110,但是，在他们未来一生当中碰到哪个问题的时候会自动地跳出这四个选项？,0.0,-0.2,0.0,0.4,0.4
video_0024,112,这些参与者都是刚刚参加完高考，考了高分的学生吗,-0.2,0.4,0.4,0.2,0.4
video_0025,1,很多人在上面上传真实案件供大家探讨，许多国家地区的破案率，因为这软件大大提升。,0.0,0.2,-0.4,0.4,0.4
video_0024,32,管教会奖励喝一袋板蓝根。,0.0,0.2,0.8,0.4,0.4
video_0026,5,不是说你们讹人，我们的药确实没出过问题。,0.2,0.2,0.0,-0.2,0.4
video_0026,19,你看我这厂子办得好好的，每个月光纯利就几十万，我碰那玩意干嘛,0.0,0.6,0.6,0.4,0.4
video_0026,23,不许哭，男子汉,0.0,0.6,0.8,-0.4,0.4
video_0024,27,不好意思，我就是来找我儿子的。,-0.4,-0.4,-0.4,0.0,0.4
video_0027,8,要不你先搬着啊，老太太我给你照顾两天，等你安顿好了再接过去。,0.0,0.6,0.0,0.4,0.4
video_0027,10,想来借点钱在镇上开个小铺。,0.0,-0.4,0.0,0.4,0.4
video_0028,12,谢文峰，大家都叫我哪吒,0.0,0.0,0.6,0.4,0.4
video_0024,26,就得指着天上随便有一个星星来忽悠她。,0.0,-0.6,-0.2,-0.4,0.4
video_0028,21,好吧好吧，说说吧，你们打算怎么干,0.0,0.0,-0.2,0.4,0.4
video_0029,12,集合各队指挥员,0.0,0.0,-0.4,-0.4,0.4
video_0024,23,妈妈跟孟叔叔带你去个新地方。,0.0,0.6,-0.2,0.4,0.4
video_0030,4,磕头，磕啥头,-0.4,-0.4,-0.2,0.0,0.4
video_0024,16,地球仪摔坏了，你要替我修,0.0,-0.6,0.2,-0.4,0.4
video_0024,12,无论我们选择自主返回，或者手动返回,0.0,0.0,0.0,-0.4,0.4
video_0030,26,他才能拼着命把这活保住，传下去,0.4,0.6,0.0,0.0,0.4
video_0030,41,就是民俗文化，简单点说，就是想请你们游家班吹一场唢呐,0.0,0.0,0.6,0.4,0.4
video_0031,17,穿上了将军的战甲，就不再属于你,0.0,-0.6,-0.2,-0.4,0.4
video_0023,54,而且每天以后我都默念远离姓谷的女人，给未来的我心理暗示,0.0,-0.8,-0.4,0.4,0.4
video_0011,33,天气炎热，公主吃不下，难免瘦了些。,0.0,-0.6,0.8,0.4,0.4
video_0024,68,但爸爸相信你不是,0.4,1.0,-0.8,0.0,0.4
video_0043,21,没想到意外收获会这么多,0.2,1.0,-0.2,-0.2,0.4
video_0041,18,背个贯口能把自己背哭了,-0.2,-0.4,-0.6,0.2,0.4
video_0011,3,是正事，华妃失势难免不会东山再起。,0.2,-0.6,0.6,-0.2,0.4
video_0002,26,你说那个，你还是没有一技之长，就是大款身边的狗腿子呗，哈哈哈哈,-0.2,-0.8,-0.2,0.2,0.4
video_0003,1,当然，也不能说是百分之百,-0.4,0.0,0.8,0.0,0.4
video_0045,1,我觉得这是我今天得到的最大的收获,0.4,0.4,0.4,0.0,0.4
video_0041,2,男人就怕女人哭,-0.2,-0.4,0.2,0.2,0.4
video_0043,63,因为我觉得走我也不后悔,0.0,0.8,0.0,-0.4,0.4
video_0010,32,而且姐夫今天特意给我打一电话呢，说想了解一下杨杨的兴趣爱好。,0.4,0.4,0.2,0.0,0.4
video_0041,23,就是关系都特别好，拿德云社来说，真的特别开心在这这么多年,0.4,1.0,0.2,0.0,0.4
video_0045,6,反正我们都会尽我们的全力,0.4,0.4,1.0,0.0,0.4
video_0009,8,你也觉得奇怪啊，我刚才也觉得奇怪。,-0.4,-0.6,-0.6,0.0,0.4
video_0009,15,只有活着才有机会去弥补一切。,0.2,0.6,-1.0,-0.2,0.4
video_0042,17,很久没人问我这个问题了,-0.4,0.0,-0.4,0.0,0.4
video_0043,56,我跟你说一句话啊，我觉得你太在意了,0.0,-0.2,0.2,-0.4,0.4
video_0043,41,那个传承很重要，因为没人传承给他,-0.4,0.0,0.2,0.0,0.4
video_0009,16,我不是担心你嘛，就过来看看。,0.0,0.4,-0.2,0.4,0.4
video_0010,10,这不是早上起来头脑清楚嘛，我就跑了个步，再做个听力。,0.0,0.6,0.2,0.4,0.4
video_0041,1,女人啊这个眼泪是最重要的东西，没说话眼泪就下来了，抽泣,-0.2,-0.8,-0.8,0.2,0.4
video_0002,27,我工作以来从来没有算错过任何一笔账，我不会因为你而破例,0.2,-0.4,-0.6,-0.2,0.4
video_0045,27,在十年之前，我是戴耳环的,0.0,0.0,0.2,0.4,0.4
video_0045,18,在文工团里面，我们不仅要表演，我们还要搭舞台，灯光，音响，做道具,0.0,0.0,0.0,0.4,0.4
video_0045,35,只要不吐我，爱吐谁吐谁,0.4,-0.6,0.4,0.0,0.4
video_0001,27,但是您现在可以卖身救集团，干还是不干是吧？,0.0,-0.8,0.0,-0.4,0.4
video_0045,31,当初我确实是有一点点担心，会怕冷到场,-0.2,-0.8,1.0,0.2,0.4
video_0040,34,什么都不要说转身直接离开，否则它会像对待一件行李一样对待你,-0.4,-0.8,-0.6,0.0,0.4
video_0002,25,我看你跟王老板关系那么好，他没赏你个啥挣钱的职位？,-0.2,0.2,-0.6,0.2,0.4
video_0040,37,说到失败我连草稿都不用打,-0.4,-0.2,-0.2,0.0,0.4
video_0010,16,我们想接触接触洋洋的兴趣爱好，以后也好跟他沟通。,0.4,0.4,-0.4,0.0,0.4
video_0011,19,端亲王有倨傲的本钱。,0.4,0.4,0.0,0.0,0.4
video_0040,49,我带着我们的事业来美国骂我引以为豪的事业,0.4,-0.2,-0.2,0.0,0.4
video_0006,4,"现在是关键时刻，大家要团结嘛,啊！",0.0,1.0,-1.0,-0.2,0.2
video_0057,24,他说钥匙放在门垫底下了,-0.2,0.0,0.2,0.0,0.2
video_0057,8,你们这房子一百平，一平八毛，一个月八十块钱,-0.2,0.0,-0.2,0.0,0.2
video_0060,41,你怎么来了,0.0,0.0,-0.2,-0.2,0.2
video_0024,34,寄宿学校怎么了？我觉得寄宿学校非常好。,0.0,0.6,-0.8,-0.2,0.2
video_0054,95,我当时说，啊，为什么,0.0,-0.2,0.2,-0.2,0.2
video_0023,44,女士，你看我有没有点重影啊？,-0.2,-0.2,0.0,0.0,0.2
video_0060,36,我跟你没什么好说的，麻烦你把手放开,0.0,-1.0,0.0,-0.2,0.2
video_0057,17,老公，你那两百万真的处理好了,-0.2,0.0,-0.2,0.0,0.2
video_0054,91,能把这第一集完整的演完,0.0,0.2,0.0,-0.2,0.2
video_0060,23,说真的，这种时候我也不知道该怎么办,-0.2,-0.6,1.0,0.0,0.2
video_0059,10,我今天说的这番话完全是对你好,0.0,0.6,-0.2,-0.2,0.2
video_0060,18,出国了，去美国了,0.0,0.0,0.8,0.2,0.2
video_0024,30,来了，怎么没喝点东西呢？,0.0,-0.2,0.2,0.2,0.2
video_0054,101,她说不要不要，你就让我坐在下面,0.0,0.0,0.4,-0.2,0.2
video_0054,90,保佑我们能把这七天熬完,0.0,-0.4,0.0,0.2,0.2
video_0060,26,那怎么行啊，既然都来了,0.0,-0.2,0.0,-0.2,0.2
video_0054,88,后面还有很多重场戏没有拍,-0.2,0.0,0.0,0.0,0.2
video_0023,61,陆石屹让我告诉你，接受赵俊以，他当年就是这么做的。,0.0,0.0,0.6,0.2,0.2
video_0054,79,这个是跟我父母对我的教育有关,0.0,0.0,0.0,0.2,0.2
video_0011,28,一去不知何时才能回来，要不先到偏殿等候吧。,0.2,-0.4,1.0,0.0,0.2
video_0010,23,我吧，以前也是这个春风中学的老师。,0.0,0.0,0.4,0.2,0.2
video_0013,2,那怎么办？那我们现在出去玩。,0.2,0.2,0.2,0.0,0.2
video_0014,24,别担心，我替你们去,-0.2,0.4,-0.6,0.0,0.2
video_0014,14,三张石头，一张剪刀一张布,0.0,0.0,0.0,-0.2,0.2
video_0014,10,要不是你带着我，我估计早就被人骗进小黑屋了，我命就交给你了。,0.0,-0.4,-0.2,-0.2,0.2
video_0024,57,以前不都五毛一碗吗？,-0.2,0.0,-0.8,0.0,0.2
video_0055,7,我们要加强国防教育,0.0,0.0,-0.8,0.2,0.2
video_0056,51,拿他护照干嘛你又用不了,0.0,-0.2,1.0,0.2,0.2
video_0055,21,喜欢什么就两天就变了,0.2,-0.6,1.0,0.0,0.2
video_0012,32,我真希望可以停在看你跳舞的那天晚上。,0.2,0.4,0.2,0.0,0.2
video_0054,112,因为我也是特别希望能够在生活中建立角色中的情感,0.0,0.0,0.0,-0.2,0.2
video_0056,50,你能不能到刚才那个人屋子里面去把他护照拿出来,-0.2,0.0,-0.4,0.0,0.2
video_0012,2,娘娘，你要的药熬好了,0.0,0.0,-0.2,-0.2,0.2
video_0056,21,没事没事，我第一次做飞机也是这样,0.0,0.0,0.0,-0.2,0.2
video_0056,24,毛毛，我现在有点急事，萍水相逢,0.2,0.0,0.6,0.0,0.2
video_0056,25,我记性好，我记得住，你说吧,0.0,0.0,0.0,-0.2,0.2
video_0056,48,我知道，他住哪个房间,-0.2,0.0,-1.0,0.0,0.2
video_0056,45,现在知道我是干什么的了吧,0.2,0.0,0.0,0.0,0.2
video_0056,58,那你告诉我，昨晚上是不是让人家给打了,-0.2,-0.2,0.0,0.0,0.2
video_0015,18,他是我隔壁班同学，好久都没有去学校了。,-0.2,0.0,0.6,0.0,0.2
video_0054,167,我们包衣出身，徐家必得有个女儿进宫的,-0.2,-0.2,0.0,0.0,0.2
video_0015,22,你怎么又是一个人在家？,0.0,-0.6,0.0,-0.2,0.2
video_0022,4,人家把信寄了，我想回复信,0.0,0.0,-0.2,-0.2,0.2
video_0056,90,此时此刻现在我就要去泰国，,-0.2,0.0,-0.8,0.0,0.2
video_0056,35,搜到wifi可以上网,-0.2,0.0,-0.6,0.0,0.2
video_0020,7,正好市里的口语比赛，还有两个直升高中的名额,0.0,0.0,0.2,0.2,0.2
video_0056,69,不过你放心，我已经让他发过誓了,0.0,0.2,-0.6,0.2,0.2
video_0056,67,你已经习惯了，那就是你老婆也有问题,-0.2,-0.6,0.2,0.0,0.2
video_0054,133,他是没有办法控制自己的动作的,-0.2,-0.2,0.0,0.0,0.2
video_0056,63,你看你身上没有钱，又不会说英文，一个人怎么完成清单,-0.2,-0.2,-0.2,0.0,0.2
video_0018,3,到了补给站，你自己回吧,0.0,-0.2,-0.2,-0.2,0.2
video_0017,7,校长，我自己的事情了了，我现在可以去九所工作了。,-0.2,0.4,0.0,0.0,0.2
video_0054,142,但是我们敬业，我们有态度,0.2,1.0,0.0,0.0,0.2
video_0056,60,你都有孩子了,0.0,-0.2,-0.6,-0.2,0.2
video_0054,145,宫女徐敏慧，在秀坊当差,0.0,0.0,0.0,-0.2,0.2
video_0054,150,只想求得一份平安，并不想与人为敌,0.0,0.0,0.0,-0.2,0.2
video_0015,28,我想我完成一次完美的犯罪。,0.0,-0.2,0.0,0.2,0.2
video_0045,50,坦白说我也很喜欢你这个演讲题，三十而立这个东西,0.2,0.8,0.0,0.0,0.2
video_0053,56,这碗冰镇莲子百合粥可以代替消暑早膳，赶紧给皇后送过去吧,0.0,0.0,0.0,0.2,0.2
video_0024,108,63年考的师范，我是光着脚走进学校的,0.0,-0.2,0.0,-0.2,0.2
video_0025,38,资料说这里不是第一现场，应该是河水把尸体冲到这儿了。,0.0,0.2,0.0,-0.2,0.2
video_0046,39,但是我觉得你一新的想要帮助别人，或许你可以先改变一种方式,0.2,0.2,0.4,0.0,0.2
video_0046,47,他总是希望把快乐带给别人,0.2,1.0,0.0,0.0,0.2
video_0046,51,我的极限，我的痛苦可能已经到达一个临界点,0.0,-0.8,0.0,-0.2,0.2
video_0046,53,你已经知道其实是没有人做过，就是因为没有人做过所以你想去做,0.0,-0.2,0.0,0.2,0.2
video_0046,55,因为我以前常常在阳明山跑步，他小时候也常常在阳明山出现,-0.2,0.0,0.0,0.0,0.2
video_0040,48,原来是因为这个,-0.2,0.0,-0.6,0.0,0.2
video_0040,46,但张冀毕竟是个元老,-0.2,0.0,-0.8,0.0,0.2
video_0047,12,在我们开始谈话之前，我有必要跟你解释一下香港的法律,0.0,0.0,0.0,-0.2,0.2
video_0047,14,如果你没有什么意见的话，我会是你的代理人,0.0,0.0,0.0,-0.2,0.2
video_0040,30,说明她没骗你啊，他完全可以一年之后再告诉你,0.0,0.2,-0.2,0.2,0.2
video_0047,16,我希望你能把你知道的一切诚实地告诉我,0.0,0.2,0.0,-0.2,0.2
video_0047,17,我们现在可以开始谈话了吗,0.2,0.0,0.0,0.0,0.2
video_0047,23,那你为什么要那么做,0.0,-0.2,0.0,-0.2,0.2
video_0039,1,是一个职业车手，有没有类似的前科，怎么会接受这样的邀请,-0.2,0.0,-0.4,0.0,0.2
video_0047,33,你可以不把我的偶像金曲变成噪音吗,-0.2,-1.0,0.4,0.0,0.2
video_0038,44,我吃过了,0.0,0.0,0.0,-0.2,0.2
video_0047,38,为什么不要直接，省着浪费你和我的时间,0.0,-0.8,0.0,0.2,0.2
video_0047,40,当初吸引你的不就是我的争强好胜吗,-0.2,0.4,-0.4,0.0,0.2
video_0047,66,那但是，他报什么仇啊,0.0,-0.2,-0.6,-0.2,0.2
video_0047,70,我是吉米的辩护律师端木兰,0.2,0.0,0.6,0.0,0.2
video_0047,71,你想想如果让别人知道你年纪轻轻的就有一个私生子,0.0,-0.6,0.0,-0.2,0.2
video_0043,7,今年没有预算出专辑，得看明年，今年好好拍戏，如果达到一定kpi明年才能出专辑,-0.2,0.0,0.0,0.0,0.2
video_0043,16,抱歉，我当年没做到，所以你做到了我还挺羡慕你的,0.0,1.0,0.0,-0.2,0.2
video_0043,31,他们渴望成为演技派的，每个人都渴望,0.0,0.0,0.4,0.2,0.2
video_0045,87,我内心深处的想法是,0.0,0.0,0.0,-0.2,0.2
video_0045,49,有点害怕，有点那种一江春水向东流了,0.0,-1.0,0.8,-0.2,0.2
video_0045,37,那天，我和我一个朋友去逛街买衣服,0.0,0.0,0.4,-0.2,0.2
video_0045,66,每个人都想成全自己，但是很少有人会想到如何通过成全别人来成全自己,0.0,-0.4,0.0,0.2,0.2
video_0045,24,有一阵子我的眼眶湿润了,0.0,1.0,0.0,0.2,0.2
video_0045,79,这种劝说的方式，很直接把人打开踢开滚开的这种方式，最后神来一笔，这是我家的橘子,0.0,0.0,0.6,0.2,0.2
video_0001,13,有人假扮我，我要把事情弄清楚。,0.0,-0.8,0.6,-0.2,0.2
video_0045,81,林志颖，你出来给大家示范伏地挺身,-0.2,0.0,0.0,0.0,0.2
video_0045,5,你就尽管选的,0.2,0.2,1.0,0.0,0.2
video_0045,86,我带耳环给企业做培训，给政府做培训，我做了很多,0.0,0.0,0.0,-0.2,0.2
video_0045,88,我觉得像我一个培训水平这么好的人，讲的内容这么好的人，你们何必在意我的形象,0.0,0.2,-0.2,-0.2,0.2
video_0046,14,因为你跟乐嘉都是属于很能说的，我希望你能选鲁豫姐,0.2,0.0,0.6,0.0,0.2
video_0043,64,只要够优秀，优秀到极点，那我肯定要抢的,0.0,0.8,0.0,0.2,0.2
video_0043,61,我始终觉得哪里有空填哪是最容易出来的,0.2,0.2,0.2,0.0,0.2
video_0045,100,因为在我年轻的时候我就已经设想要三十而立,0.2,0.0,0.2,0.0,0.2
video_0043,60,他非常有类型化，他摆在人群中你肯定不会忘记,0.0,0.8,0.0,0.2,0.2
video_0046,2,你讲完之后我都不太敢讲了，都总结的那么好我都不知道该怎么讲,0.2,0.2,0.6,0.0,0.2
video_0046,9,如果身材不重要的话，那就请不要把这个作为选择我的理由,0.0,-0.2,-0.2,-0.2,0.2
video_0043,40,你演的是你爸爸的性格吗,-0.2,0.0,0.2,0.0,0.2
video_0046,11,所以说今天我就铤而走险我想走一个被大家可能认为是不太受欢迎的演讲方式,-0.2,-0.2,0.0,0.0,0.2
video_0043,35,但是演的时候我们是不能让别人看出来我们是知道接下来的剧情的,0.2,0.0,-0.2,0.0,0.2
video_0047,76,她现在生不如死，你能说跟你一点关系都没有吗,-0.2,-0.8,-0.6,0.0,0.2
video_0038,31,谁也联系不上,0.0,-0.2,0.2,-0.2,0.2
video_0048,16,咱们除了压岁钱就没有别的资金来源吗,0.0,-0.2,-0.2,0.2,0.2
video_0031,14,大家正等着将军出战呢,0.0,0.0,0.0,-0.2,0.2
video_0052,22,我也不知道对不对，但是我自己大概是这么理解的,0.2,0.0,0.4,0.0,0.2
video_0034,8,接骨，这我哪行，开玩笑呗,-0.2,-0.8,0.6,0.0,0.2
video_0052,24,而是明知道也许夺不了冠，但我要全力以赴,0.0,1.0,-0.4,-0.2,0.2
video_0052,30,争执的结果是形成一个更好的结果,0.2,0.8,0.0,0.0,0.2
video_0032,4,既然在这儿了，咱聊点有诚意的好吧，你手下那几个人要等到几点告诉我,-0.2,-0.2,-0.6,0.0,0.2
video_0031,32,我替父从军只为尽孝,0.2,0.6,0.0,0.0,0.2
video_0031,31,我知道你，你是想用我来救你们的皇子吗？,0.2,0.0,1.0,0.0,0.2
video_0031,30,公主请放心，我是北魏的将军花木兰。,0.0,0.2,0.0,-0.2,0.2
video_0031,19,此次接近你们，不是为了抢掠,0.0,0.2,-0.8,-0.2,0.2
video_0030,23,可咱们这黄河岸上不能没有唢呐,0.2,0.2,0.2,0.0,0.2
video_0034,19,算命的还跟我说，我会大富大贵子孙满堂的寿终正寝。,0.0,0.6,-0.4,-0.2,0.2
video_0053,55,老规矩，吃完药给意见的,0.0,-0.2,0.6,-0.2,0.2
video_0045,51,我对的人还没有出现,0.2,-0.2,1.0,0.0,0.2
video_0030,17,没那么容易，我听说你师傅前几年收了七八个,0.2,-0.4,0.0,0.0,0.2
video_0030,15,你知道我为啥要让你去学吹唢呐的吗？,0.2,0.0,0.4,0.0,0.2
video_0054,16,当时是这么认为的，年轻嘛，傲嘛,0.2,0.8,0.8,0.0,0.2
video_0028,14,在金三角，诺卡只有两个代理人,-0.2,0.0,-0.4,0.0,0.2
video_0028,5,但是要记住，不管成不成功，行动时间只有15分钟。,-0.2,0.0,0.0,0.0,0.2
video_0054,29,他们说收工的这一刻，就突然一下释放了,0.0,0.8,0.2,0.2,0.2
video_0025,53,唐仁遇到麻烦了。,0.0,-1.0,0.6,-0.2,0.2
video_0034,16,冰山只会在大海上所以北边是海。,0.0,0.0,0.0,-0.2,0.2
video_0035,1,陛下这个样子有多久了,0.0,0.0,0.4,-0.2,0.2
video_0048,21,老了，这耳朵不好使了,0.0,-0.6,0.8,0.2,0.2
video_0051,37,我觉得愿上苍有好生之德，愿戏剧有悲天悯人之心,0.2,0.8,0.2,0.0,0.2
video_0038,11,你在这找到我的钱包了吗,0.0,0.0,-0.2,-0.2,0.2
video_0050,4,您愿意留下可以给您留着，随您啊,0.2,-0.4,0.2,0.0,0.2
video_0050,7,我绝对是为你好,0.0,1.0,-0.2,-0.2,0.2
video_0038,4,假设，女主人公在学生时代非常的自卑,0.0,-0.6,0.0,0.2,0.2
video_0038,2,我俩是高中同学，不过我俩没早恋,0.0,0.0,0.0,0.2,0.2
video_0051,11,笑是因为你当时的反应和节奏是真实的,0.0,0.2,0.0,0.2,0.2
video_0051,16,在台上能够感受到你们那种初心,0.2,0.8,0.0,0.0,0.2
video_0036,23,连天阴雨，水漫则胜，这雨下了四天了吧,-0.2,-0.2,0.0,0.0,0.2
video_0051,22,明天开城门了，娘给你去拿糖饼啊,0.2,0.0,-0.2,0.0,0.2
video_0036,22,以前我是你的都督，以后我还是你的都督，如此而已,0.0,0.2,0.0,-0.2,0.2
video_0051,71,而且我也非常相信这个故事，相信这个人物,0.2,0.2,0.0,0.0,0.2
video_0051,40,这个是我之所以受到感动的地方,0.0,0.6,-0.2,-0.2,0.2
video_0035,35,陈玄礼是陈云樵的爹，马嵬驿兵变的主谋,0.0,0.0,0.0,0.2,0.2
video_0035,33,是皇上下的令，我亲手绣的白绫,0.0,0.0,0.0,-0.2,0.2
video_0035,24,我也认识你啊，白居易,0.0,0.0,0.0,0.2,0.2
video_0035,8,这件事已经跟我没关系,0.0,-0.2,0.6,0.2,0.2
video_0051,55,真的是硬碰硬的较量了,0.0,0.0,-0.4,-0.2,0.2
video_0051,60,然后我听说宋洋为了这个角色他三天没有吃东西,0.0,0.0,0.2,0.2,0.2
video_0035,7,你说得对，宫里确实有猫,-0.2,0.0,0.0,0.0,0.2
video_0051,67,我希望这个小品她能更主动一些,0.0,0.6,0.0,-0.2,0.2
video_0060,42,姐是不是给你丢人了,0.0,-0.8,0.6,-0.2,0.2
